NOMBRE_REGION,VOTOS_TOTALES_DIPNAC,VOTOS_IMPUGNADO_DIPNAC,PORCENTAJE_IMPUGNADO_DIPNAC
COMUNA 01,121775,9,0.01
COMUNA 02,103939,21,0.02
COMUNA 03,116979,6,0.01
COMUNA 04,136912,36,0.03
COMUNA 05,121949,15,0.01
COMUNA 06,127597,8,0.01
COMUNA 07,133888,57,0.04
COMUNA 08,106347,49,0.05
COMUNA 09,116615,32,0.03
COMUNA 10,118715,29,0.02
COMUNA 11,137473,20,0.01
COMUNA 12,151949,23,0.02
COMUNA 13,168452,14,0.01
COMUNA 14,156863,21,0.01
COMUNA 15,128567,18,0.01
